{
  "mean": 13.547231444186805,
  "std": 32.38876220441017
}